exp,learning_rate,batch_size,epochs,accuracy,f1_macro,precision_macro,recall_macro,best_val_loss,train_time_sec
baseline,3e-05,16,10,0.9885458167330677,0.9883499962092138,0.9887217387118935,0.9879948063121904,0.05211387947201729,1697.9357991218567
lr_1e-5,1e-05,16,10,0.9872177954847278,0.9870037995803261,0.9871959712366369,0.9868162559291616,0.04995908960700035,1696.412950515747
lr_5e-5,5e-05,16,10,0.9887118193891102,0.9885183338578535,0.9889131055333038,0.988142125110069,0.04801621660590172,1698.1350436210632
batch_4,3e-05,4,10,0.9852257636122178,0.984966559781532,0.9855682788157437,0.9844065012961813,0.061053283512592316,2718.989229440689
